timestamp_s,Ia,Ib,Ic,Vdc,theta
1773984556.528763,-0.000000,-0.000000,0.000000,9.970000,4.670000
1773984556.539956,0.000000,0.000000,-0.000000,9.970000,4.670000
1773984556.539956,-0.000000,-0.000000,0.000000,9.970000,4.670000
1773984556.562108,-0.000000,0.000000,-0.000000,9.970000,4.670000
1773984556.562108,-0.000000,-0.000000,0.000000,9.970000,4.670000
1773984556.577611,0.000000,-0.000000,0.000000,9.980000,4.670000
1773984556.593421,0.000000,-0.000000,0.000000,9.970000,4.670000
1773984556.593421,0.000000,-0.000000,0.000000,9.970000,4.670000
1773984556.616688,-0.000000,0.000000,0.000000,9.970000,4.670000
1773984556.634444,0.000000,0.000000,-0.000000,9.970000,4.670000
1773984556.634444,-0.000000,-0.000000,-0.000000,9.950000,4.670000
1773984556.636740,-0.000000,-0.000000,0.000000,9.980000,4.670000
1773984556.636740,0.000000,-0.000000,-0.000000,9.970000,4.670000
1773984556.658116,0.000000,-0.000000,0.000000,9.970000,4.670000
1773984556.679785,0.000000,-0.000000,0.000000,9.970000,4.670000
1773984556.679785,0.000000,-0.000000,-0.000000,9.980000,4.670000
1773984556.683509,0.000000,0.000000,-0.000000,9.970000,4.670000
1773984556.705121,0.000000,-0.000000,0.000000,9.980000,4.670000
1773984556.705121,0.000000,-0.000000,-0.000000,9.980000,4.670000
1773984556.721558,-0.000000,0.000000,-0.000000,9.980000,4.670000
1773984556.721558,0.000000,0.000000,-0.000000,9.980000,4.670000
1773984556.743187,-0.000000,0.000000,0.000000,9.970000,4.670000
1773984556.745500,-0.000000,-0.000000,0.000000,9.970000,4.670000
1773984556.745500,0.000000,0.000000,-0.000000,9.970000,4.670000
1773984556.769623,0.000000,0.000000,-0.000000,9.970000,4.670000
1773984556.785844,-0.000000,0.000000,-0.000000,9.970000,4.670000
1773984556.785844,0.000000,-0.000000,0.000000,10.000000,4.670000
1773984556.805837,0.000000,0.000000,-0.000000,9.970000,4.670000
1773984556.805837,-0.000000,0.000000,-0.000000,9.970000,4.670000
1773984556.807770,-0.000000,0.000000,-0.000000,9.970000,4.670000
1773984556.833409,0.000000,0.000000,-0.000000,9.970000,4.680000
1773984556.833409,0.000000,-0.000000,0.000000,9.980000,4.680000
1773984556.850110,-0.000000,-0.000000,0.000000,9.970000,4.680000
1773984556.870728,-0.000000,0.000000,-0.000000,9.950000,4.680000
1773984556.870728,0.000000,-0.000000,0.000000,9.970000,4.680000
1773984556.881900,-0.000000,0.000000,0.000000,9.970000,4.680000
1773984556.881900,-0.000000,-0.000000,-0.000000,9.970000,4.680000
1773984556.897600,-0.000000,0.000000,-0.000000,9.970000,4.680000
1773984556.913783,0.000000,-0.000000,0.000000,9.970000,4.680000
1773984556.913783,0.000000,-0.000000,0.000000,9.970000,4.680000
1773984556.931984,-0.000000,-0.000000,-0.000000,9.970000,4.680000
1773984556.936796,-0.000000,0.000000,-0.000000,9.970000,4.680000
1773984556.936796,-0.000000,-0.000000,-0.000000,9.970000,4.680000
1773984556.961774,-0.000000,0.000000,-0.000000,9.980000,4.680000
1773984556.961774,-0.000000,-0.000000,0.000000,9.980000,4.680000
1773984556.978114,0.000000,-0.000000,0.000000,9.970000,4.680000
1773984556.995906,-0.000000,-0.000000,0.000000,9.970000,4.680000
1773984556.995906,-0.000000,-0.000000,0.000000,9.980000,4.680000
1773984556.999770,0.000000,0.000000,-0.000000,9.970000,4.680000
1773984557.025536,0.000000,-0.000000,-0.000000,9.970000,4.680000
1773984557.025536,0.000000,-0.000000,0.000000,9.970000,4.680000
1773984557.041547,0.000000,0.000000,-0.000000,9.970000,4.680000
1773984557.041547,0.000000,-0.000000,-0.000000,9.970000,4.680000
1773984557.058448,-0.000000,0.000000,-0.000000,9.970000,4.680000
1773984557.076829,-0.000000,0.000000,-0.000000,9.970000,4.680000
1773984557.076829,-0.000000,-0.000000,0.000000,9.970000,4.680000
1773984557.090099,-0.000000,-0.000000,0.000000,9.970000,4.680000
1773984557.105753,-0.000000,0.000000,-0.000000,9.970000,4.680000
1773984557.105753,-0.000000,-0.000000,0.000000,9.970000,4.680000
1773984557.124292,-0.000000,0.000000,-0.000000,9.970000,4.680000
1773984557.124292,0.000000,-0.000000,-0.000000,9.980000,4.680000
1773984557.143645,-0.000000,-0.000000,0.000000,9.970000,4.680000
1773984557.153371,-0.000000,0.000000,-0.000000,9.970000,4.680000
1773984557.153371,0.000000,0.000000,-0.000000,9.970000,4.680000
1773984557.169213,-0.000000,0.000000,0.000000,9.970000,4.680000
1773984557.190636,0.000000,-0.000000,0.000000,9.970000,4.680000
1773984557.190636,-0.000000,0.000000,-0.000000,9.970000,4.680000
1773984557.198339,0.000000,-0.000000,0.000000,9.970000,4.680000
1773984557.198339,-0.000000,-0.000000,0.000000,9.970000,4.680000
1773984557.217769,0.000000,-0.000000,0.000000,9.970000,4.680000
1773984557.233242,-0.000000,-0.000000,0.000000,9.970000,4.680000
1773984557.233242,0.000000,-0.000000,-0.000000,9.970000,4.680000
1773984557.250299,-0.000000,-0.000000,-0.000000,9.970000,4.680000
1773984557.269494,-0.000000,-0.000000,0.000000,9.970000,4.680000
1773984557.269494,-0.000000,-0.000000,0.000000,9.980000,4.680000
1773984557.281681,-0.000000,0.000000,-0.000000,9.970000,4.680000
1773984557.281681,0.000000,-0.000000,0.000000,9.970000,4.680000
1773984557.301005,-0.000000,0.000000,0.000000,10.000000,4.680000
1773984557.316906,0.000000,0.000000,-0.000000,9.970000,4.680000
1773984557.316906,-0.000000,-0.000000,-0.000000,9.970000,4.680000
1773984557.324379,-0.000000,-0.000000,0.000000,9.980000,4.680000
1773984557.345304,-0.000000,-0.000000,0.000000,9.970000,4.680000
1773984557.345304,-0.000000,-0.000000,0.000000,9.970000,4.680000
1773984557.361684,-0.000000,0.000000,-0.000000,9.970000,4.680000
1773984557.361684,-0.000000,0.000000,-0.000000,9.950000,4.680000
1773984557.379772,-0.000000,-0.000000,0.000000,9.970000,4.680000
1773984557.394003,0.000000,-0.000000,0.000000,9.970000,4.680000
1773984557.394003,-0.000000,0.000000,-0.000000,9.970000,4.680000
1773984557.409747,-0.000000,-0.000000,0.000000,9.980000,4.680000
1773984557.425507,0.000000,-0.000000,0.000000,9.980000,4.680000
1773984557.425507,0.000000,-0.000000,0.000000,9.980000,4.680000
1773984557.442341,0.000000,-0.000000,0.000000,9.980000,4.680000
1773984557.442341,-0.000000,0.000000,0.000000,9.980000,4.680000
1773984557.457983,-0.000000,0.000000,0.000000,9.980000,4.680000
1773984557.473227,0.000000,-0.000000,-0.000000,9.980000,4.680000
1773984557.473227,-0.000000,-0.000000,0.000000,9.980000,4.680000
1773984557.489474,-0.000000,-0.000000,0.000000,9.970000,4.680000
1773984557.505635,-0.000000,-0.000000,0.000000,9.970000,4.680000
1773984557.505635,0.000000,0.000000,-0.000000,9.970000,4.680000
1773984557.524435,-0.000000,-0.000000,0.000000,9.980000,4.680000
1773984557.524435,-0.000000,-0.000000,-0.000000,9.970000,4.680000
1773984557.538194,-0.000000,-0.000000,0.000000,9.970000,4.680000
1773984557.552789,-0.000000,0.000000,-0.000000,9.970000,4.680000
1773984557.552789,0.000000,-0.000000,-0.000000,9.950000,4.680000
1773984557.568296,-0.000000,-0.000000,0.000000,9.970000,4.680000
1773984557.590409,-0.000000,-0.000000,0.000000,9.980000,4.680000
1773984557.590409,0.000000,-0.000000,0.000000,9.980000,4.680000
1773984557.602100,0.000000,-0.000000,-0.000000,9.950000,4.680000
1773984557.602100,0.000000,-0.000000,-0.000000,9.970000,4.680000
1773984557.617675,-0.000000,0.000000,-0.000000,9.970000,4.680000
1773984557.632327,0.000000,-0.000000,0.000000,9.980000,4.680000
1773984557.632327,-0.000000,-0.000000,0.000000,9.980000,4.680000
1773984557.653203,-0.000000,-0.000000,0.000000,9.970000,4.680000
1773984557.666157,-0.000000,-0.000000,0.000000,9.970000,4.680000
1773984557.666157,-0.000000,-0.000000,-0.000000,9.980000,4.680000
1773984557.681795,-0.000000,-0.000000,0.000000,9.970000,4.680000
1773984557.681795,-0.000000,-0.000000,0.000000,9.970000,4.680000
1773984557.695039,-0.000000,-0.000000,0.000000,9.970000,4.680000
1773984557.716633,-0.000000,0.000000,-0.000000,9.980000,4.680000
1773984557.716633,-0.000000,-0.000000,0.000000,9.970000,4.680000
1773984557.729747,-0.000000,-0.000000,0.000000,9.970000,4.680000
1773984557.745790,-0.000000,-0.000000,0.000000,9.970000,4.680000
1773984557.745790,-0.000000,-0.000000,0.000000,9.970000,4.680000
1773984557.756865,-0.000000,0.000000,-0.000000,9.970000,4.680000
1773984557.756865,0.000000,0.000000,-0.000000,9.970000,4.680000
1773984557.777903,-0.000000,0.000000,0.000000,9.970000,4.680000
1773984557.793977,0.000000,-0.000000,0.000000,9.950000,4.680000
1773984557.793977,-0.000000,0.000000,-0.000000,9.970000,4.680000
1773984557.808649,-0.000000,-0.000000,0.000000,9.970000,4.680000
1773984557.829816,0.000000,-0.000000,0.000000,9.970000,4.680000
1773984557.829816,-0.000000,-0.000000,0.000000,9.970000,4.680000
1773984557.841229,0.000000,-0.000000,-0.000000,9.970000,4.680000
1773984557.841229,-0.000000,-0.000000,0.000000,9.970000,4.680000
1773984557.857456,-0.000000,-0.000000,-0.000000,9.980000,4.680000
1773984557.872340,0.000000,0.000000,-0.000000,9.970000,4.680000
1773984557.872340,-0.000000,0.000000,-0.000000,9.980000,4.690000
1773984557.894527,-0.000000,-0.000000,-0.000000,9.970000,4.690000
1773984557.905199,-0.000000,-0.000000,0.000000,9.970000,4.690000
1773984557.905199,0.000000,-0.000000,-0.000000,9.980000,4.690000
1773984557.921404,-0.000000,-0.000000,0.000000,9.970000,4.690000
1773984557.921404,0.000000,-0.000000,-0.000000,9.970000,4.690000
1773984557.937047,-0.000000,-0.000000,0.000000,9.980000,4.690000
1773984557.947156,-0.000000,-0.000000,0.000000,9.980000,4.690000
1773984557.947156,0.000000,0.000000,-0.000000,9.980000,4.690000
1773984557.969528,-0.000000,0.000000,0.000000,9.970000,4.690000
1773984557.985447,0.000000,-0.000000,0.000000,9.980000,4.690000
1773984557.985447,0.000000,-0.000000,-0.000000,9.980000,4.690000
1773984558.000781,0.000000,-0.000000,0.000000,9.980000,4.690000
1773984558.000781,0.000000,-0.000000,-0.000000,9.970000,4.690000
1773984558.009166,-0.000000,0.000000,-0.000000,9.970000,4.690000
1773984558.033314,-0.000000,-0.000000,0.000000,9.970000,4.690000
1773984558.033314,0.000000,-0.000000,0.000000,9.970000,4.690000
1773984558.049303,0.000000,-0.000000,-0.000000,9.970000,4.690000
1773984558.064034,0.000000,0.000000,-0.000000,9.970000,4.690000
1773984558.064034,-0.000000,-0.000000,0.000000,9.970000,4.690000
1773984558.073504,-0.000000,0.000000,-0.000000,9.950000,4.690000
1773984558.073504,0.000000,-0.000000,-0.000000,9.970000,4.690000
1773984558.097760,-0.000000,0.000000,-0.000000,9.970000,4.690000
1773984558.114046,-0.000000,-0.000000,-0.000000,9.970000,4.690000
1773984558.114046,-0.000000,-0.000000,0.000000,9.950000,4.690000
1773984558.136262,-0.000000,0.000000,-0.000000,9.970000,4.690000
1773984558.138452,-0.000000,0.000000,-0.000000,9.970000,4.690000
1773984558.138452,-0.000000,0.000000,-0.000000,9.970000,4.690000
1773984558.161312,0.000000,-0.000000,0.000000,9.970000,4.690000
1773984558.161312,-0.000000,-0.000000,-0.000000,9.980000,4.690000
1773984558.177740,0.000000,-0.000000,0.000000,9.970000,4.690000
1773984558.198251,0.000000,-0.000000,0.000000,9.970000,4.690000
1773984558.198251,0.000000,-0.000000,0.000000,9.980000,4.690000
1773984558.200827,0.000000,-0.000000,0.000000,9.970000,4.690000
1773984558.225415,0.000000,-0.000000,-0.000000,9.970000,4.690000
1773984558.225415,0.000000,0.000000,-0.000000,9.970000,4.690000
1773984558.241348,-0.000000,0.000000,-0.000000,9.970000,4.690000
1773984558.241348,-0.000000,-0.000000,0.000000,9.980000,4.690000
1773984558.260753,-0.000000,-0.000000,0.000000,9.970000,4.690000
1773984558.275499,-0.000000,-0.000000,-0.000000,9.970000,4.690000
1773984558.275499,-0.000000,-0.000000,0.000000,9.980000,4.690000
1773984558.289620,-0.000000,0.000000,0.000000,9.970000,4.690000
1773984558.306068,-0.010000,-0.000000,0.010000,9.970000,4.690000
1773984558.306068,0.020000,-0.000000,-0.020000,9.970000,4.690000
1773984558.321748,0.010000,-0.030000,0.020000,9.980000,4.690000
1773984558.321748,0.000000,-0.040000,0.040000,9.970000,4.690000
1773984558.337430,0.040000,-0.050000,0.000000,9.970000,4.690000
1773984558.353195,0.040000,0.000000,-0.040000,9.970000,4.690000
1773984558.353195,0.010000,0.020000,-0.030000,9.970000,4.690000
1773984558.370208,-0.010000,0.030000,-0.010000,9.970000,4.690000
1773984558.385738,-0.020000,0.030000,-0.010000,9.980000,4.690000
1773984558.385738,-0.010000,0.030000,-0.010000,9.970000,4.690000
1773984558.400591,0.000000,0.020000,-0.020000,9.950000,4.690000
1773984558.400591,0.020000,0.000000,-0.030000,9.980000,4.690000
1773984558.418535,0.030000,-0.030000,-0.000000,9.970000,4.690000
1773984558.432713,-0.010000,-0.020000,0.030000,9.970000,4.690000
1773984558.432713,-0.020000,0.020000,0.000000,9.980000,4.690000
1773984558.450047,0.020000,-0.000000,-0.020000,9.970000,4.690000
1773984558.470437,-0.010000,-0.010000,0.020000,9.970000,4.690000
1773984558.470437,0.000000,0.020000,-0.020000,9.970000,4.690000
1773984558.481410,0.000000,-0.020000,0.020000,9.980000,4.690000
1773984558.481410,0.000000,0.010000,-0.010000,9.970000,4.690000
1773984558.496012,-0.010000,-0.000000,0.010000,9.970000,4.690000
1773984558.514268,0.010000,-0.010000,-0.010000,9.980000,4.690000
1773984558.514268,-0.010000,0.010000,-0.010000,9.970000,4.690000
1773984558.526803,-0.010000,-0.000000,0.010000,9.970000,4.690000
1773984558.545263,0.000000,-0.010000,0.000000,9.970000,4.690000
1773984558.545263,0.010000,-0.000000,-0.000000,9.970000,4.690000
1773984558.562254,0.000000,0.000000,-0.000000,9.970000,4.690000
1773984558.562254,-0.000000,0.000000,-0.000000,9.950000,4.690000
1773984558.574389,-0.000000,0.000000,-0.000000,9.970000,4.690000
1773984558.589093,-0.000000,0.000000,0.000000,9.970000,4.690000
1773984558.589093,0.000000,-0.000000,-0.000000,9.970000,4.690000
1773984558.610073,0.000000,-0.000000,-0.000000,9.970000,4.690000
1773984558.626043,-0.000000,-0.000000,-0.000000,9.970000,4.690000
1773984558.626043,-0.000000,-0.000000,0.000000,9.980000,4.690000
1773984558.649659,-0.000000,-0.000000,0.000000,9.970000,4.690000
1773984558.649659,0.000000,-0.000000,-0.000000,9.970000,4.690000
1773984558.659846,-0.000000,0.000000,-0.000000,9.970000,4.690000
1773984558.673562,0.000000,-0.000000,0.000000,9.970000,4.690000
1773984558.673562,0.000000,-0.000000,-0.000000,9.970000,4.690000
1773984558.688808,-0.000000,-0.000000,0.000000,9.970000,4.690000
1773984558.714113,0.000000,-0.000000,0.000000,9.970000,4.690000
1773984558.714113,-0.000000,-0.000000,0.000000,9.970000,4.690000
1773984558.715299,-0.000000,-0.000000,-0.000000,9.980000,4.690000
1773984558.715299,-0.000000,-0.000000,-0.000000,9.970000,4.690000
1773984558.737400,0.000000,0.000000,-0.000000,9.970000,4.690000
1773984558.751769,-0.000000,-0.000000,0.000000,9.970000,4.690000
1773984558.751769,0.000000,0.000000,-0.000000,9.950000,4.690000
1773984558.774230,-0.000000,-0.000000,0.000000,9.970000,4.690000
1773984558.785682,-0.000000,-0.000000,0.000000,9.970000,4.690000
1773984558.785682,-0.000000,-0.000000,0.000000,9.970000,4.690000
1773984558.801587,-0.000000,-0.000000,0.000000,9.970000,4.690000
1773984558.801587,-0.000000,-0.000000,0.000000,9.970000,4.690000
1773984558.816852,-0.000000,-0.000000,0.000000,9.970000,4.690000
1773984558.828592,0.000000,-0.000000,-0.000000,9.950000,4.690000
1773984558.828592,0.000000,0.000000,-0.000000,9.970000,4.690000
1773984558.850181,-0.000000,0.000000,0.000000,9.970000,4.690000
1773984558.865947,0.000000,-0.000000,0.000000,9.970000,4.690000
1773984558.865947,0.000000,-0.000000,0.000000,9.970000,4.690000
1773984558.880558,0.000000,-0.000000,0.000000,9.970000,4.690000
1773984558.880558,0.000000,-0.000000,0.000000,9.980000,4.690000
1773984558.889463,0.000000,-0.000000,-0.000000,9.970000,4.690000
1773984558.913652,0.000000,-0.000000,-0.000000,9.980000,4.690000
1773984558.913652,-0.000000,0.000000,-0.000000,9.980000,4.690000
1773984558.929342,0.000000,-0.000000,0.000000,9.980000,4.700000
1773984558.952447,0.000000,-0.000000,0.000000,9.970000,4.700000
1773984558.952447,-0.000000,0.000000,0.000000,9.970000,4.700000
1773984558.965681,-0.000000,0.000000,-0.000000,9.980000,4.700000
1773984558.965681,-0.000000,-0.000000,-0.000000,9.980000,4.700000
1773984558.977472,0.000000,-0.000000,0.000000,9.980000,4.700000
1773984558.993304,0.000000,-0.000000,0.000000,9.970000,4.700000
1773984558.993304,-0.000000,-0.000000,0.000000,9.970000,4.700000
1773984559.025585,0.000000,-0.000000,0.000000,9.970000,4.700000
1773984559.025585,0.000000,-0.000000,0.000000,9.970000,4.700000
1773984559.025585,0.000000,-0.000000,0.000000,9.970000,4.700000
1773984559.041455,0.000000,0.000000,-0.000000,9.970000,4.700000
1773984559.041455,-0.000000,0.000000,0.000000,9.970000,4.700000
1773984559.057287,0.000000,-0.000000,0.000000,9.970000,4.700000
1773984559.078365,0.000000,-0.000000,0.000000,9.970000,4.700000
1773984559.078365,-0.000000,0.000000,-0.000000,9.970000,4.700000
1773984559.090142,-0.000000,-0.000000,-0.000000,9.970000,4.700000
1773984559.105668,0.000000,-0.000000,0.000000,9.970000,4.700000
1773984559.105668,0.000000,-0.000000,0.000000,9.970000,4.700000
1773984559.121650,-0.000000,0.000000,-0.000000,9.970000,4.700000
1773984559.121650,-0.000000,-0.000000,0.000000,9.970000,4.700000
1773984559.141959,-0.000000,-0.000000,0.000000,9.970000,4.700000
1773984559.148952,-0.000000,0.000000,-0.000000,9.970000,4.700000
1773984559.148952,0.000000,-0.000000,-0.000000,9.970000,4.700000
1773984559.170138,0.000000,0.000000,-0.000000,9.930000,4.700000
1773984559.185883,-0.000000,0.000000,-0.000000,9.970000,4.700000
1773984559.185883,-0.000000,-0.000000,0.000000,9.980000,4.700000
1773984559.204934,0.000000,-0.000000,0.000000,9.980000,4.700000
1773984559.204934,-0.000000,-0.000000,-0.000000,9.970000,4.700000
1773984559.219249,0.000000,0.000000,-0.000000,9.970000,4.700000
1773984559.233710,0.000000,-0.000000,0.000000,9.980000,4.700000
1773984559.233710,-0.000000,0.000000,-0.000000,9.980000,4.700000
1773984559.249547,-0.000000,0.000000,-0.000000,9.970000,4.700000
1773984559.268902,-0.000000,-0.000000,0.000000,9.970000,4.700000
1773984559.268902,0.000000,-0.000000,-0.000000,9.970000,4.700000
1773984559.281618,-0.000000,0.000000,-0.000000,9.970000,4.700000
1773984559.281618,-0.000000,0.000000,-0.000000,9.970000,4.700000
1773984559.297349,0.000000,0.000000,-0.000000,9.980000,4.700000
1773984559.314455,0.000000,-0.000000,0.000000,9.970000,4.700000
1773984559.314455,0.000000,-0.000000,-0.000000,9.970000,4.700000
1773984559.331035,-0.000000,-0.000000,0.000000,9.970000,4.700000
1773984559.340143,-0.000000,-0.000000,0.000000,9.970000,4.700000
1773984559.340143,-0.000000,0.000000,-0.000000,9.970000,4.700000
1773984559.361853,0.000000,-0.000000,0.000000,9.980000,4.700000
1773984559.361853,0.000000,-0.000000,-0.000000,9.970000,4.700000
1773984559.377686,0.000000,0.000000,-0.000000,9.970000,4.700000
1773984559.394960,-0.000000,0.000000,0.000000,9.970000,4.700000
1773984559.394960,-0.000000,-0.000000,-0.000000,9.970000,4.700000
1773984559.412474,-0.000000,0.000000,-0.000000,9.970000,4.700000
1773984559.426219,-0.000000,-0.000000,0.000000,9.970000,4.700000
1773984559.426219,0.000000,-0.000000,0.000000,9.970000,4.700000
1773984559.441501,0.000000,-0.000000,-0.000000,9.950000,4.700000
1773984559.441501,0.000000,0.000000,-0.000000,9.970000,4.700000
1773984559.457465,0.000000,-0.000000,0.000000,9.980000,4.700000
1773984559.473135,0.000000,-0.000000,0.000000,9.980000,4.700000
1773984559.473135,0.000000,-0.000000,0.000000,9.970000,4.700000
1773984559.489538,0.000000,-0.000000,0.000000,9.970000,4.700000
1773984559.513064,0.000000,-0.000000,0.000000,9.970000,4.700000
1773984559.513064,-0.000000,0.000000,-0.000000,9.950000,4.700000
1773984559.526214,0.000000,-0.000000,0.000000,9.970000,4.700000
1773984559.526214,-0.000000,-0.000000,0.000000,9.970000,4.700000
1773984559.537309,-0.000000,-0.000000,0.000000,9.980000,4.700000
1773984559.553951,-0.000000,-0.000000,0.000000,9.970000,4.700000
1773984559.553951,0.000000,-0.000000,0.000000,9.980000,4.700000
1773984559.575714,-0.000000,0.000000,-0.000000,9.980000,4.700000
1773984559.583856,0.000000,-0.000000,0.000000,9.970000,4.700000
1773984559.583856,-0.000000,-0.000000,0.000000,9.980000,4.700000
1773984559.602045,-0.000000,-0.000000,0.000000,9.980000,4.700000
1773984559.602045,0.000000,0.000000,-0.000000,9.980000,4.700000
1773984559.618010,-0.000000,-0.000000,0.000000,9.970000,4.700000
1773984559.631841,-0.000000,0.000000,-0.000000,9.970000,4.700000
1773984559.631841,-0.000000,-0.000000,0.000000,9.980000,4.700000
1773984559.651987,0.000000,-0.000000,0.000000,9.970000,4.700000
1773984559.666032,-0.000000,-0.000000,0.000000,9.970000,4.700000
1773984559.666032,0.000000,-0.000000,0.000000,9.970000,4.700000
1773984559.679771,-0.000000,-0.000000,-0.000000,9.970000,4.700000
1773984559.679771,-0.000000,-0.000000,0.000000,9.970000,4.700000
1773984559.695871,0.000000,0.000000,-0.000000,9.980000,4.700000
1773984559.713974,-0.000000,0.000000,-0.000000,9.970000,4.700000
1773984559.713974,-0.000000,-0.000000,0.000000,9.970000,4.700000
1773984559.729987,0.000000,0.000000,-0.000000,9.950000,4.700000
1773984559.746406,-0.000000,0.000000,-0.000000,9.970000,4.700000
1773984559.746406,-0.000000,0.000000,-0.000000,9.970000,4.700000
1773984559.762001,0.000000,-0.000000,0.000000,9.970000,4.700000
1773984559.762001,-0.000000,0.000000,-0.000000,9.970000,4.700000
1773984559.776583,0.000000,0.000000,-0.000000,9.970000,4.700000
1773984559.793407,0.000000,-0.000000,0.000000,9.970000,4.700000
1773984559.793407,-0.000000,0.000000,-0.000000,9.970000,4.700000
1773984559.819834,-0.000000,0.000000,-0.000000,9.970000,4.700000
1773984559.826261,-0.000000,-0.000000,0.000000,9.980000,4.700000
1773984559.826261,-0.000000,0.000000,-0.000000,9.970000,4.700000
1773984559.837032,0.000000,0.000000,-0.000000,9.970000,4.700000
1773984559.837032,0.000000,-0.000000,-0.000000,9.970000,4.700000
1773984559.858401,-0.000000,-0.000000,0.000000,9.970000,4.700000
1773984559.873834,-0.000000,-0.000000,0.000000,9.970000,4.700000
1773984559.873834,0.000000,0.000000,-0.000000,9.970000,4.700000
1773984559.886626,-0.000000,-0.000000,0.000000,9.970000,4.700000
1773984559.899786,0.000000,0.000000,-0.000000,9.970000,4.700000
1773984559.899786,-0.000000,0.000000,0.000000,9.970000,4.700000
1773984559.921483,-0.000000,0.000000,-0.000000,9.970000,4.700000
1773984559.921483,0.000000,-0.000000,-0.000000,9.980000,4.700000
1773984559.946188,-0.000000,-0.000000,0.000000,9.980000,4.700000
1773984559.950668,0.000000,-0.000000,0.000000,9.970000,4.700000
1773984559.950668,-0.000000,0.000000,0.000000,9.970000,4.700000
1773984559.963250,-0.000000,-0.000000,0.000000,9.970000,4.700000
1773984559.986149,-0.000000,-0.000000,0.000000,9.970000,4.710000
1773984559.986149,-0.000000,0.000000,-0.000000,9.970000,4.710000
1773984560.009236,-0.000000,-0.000000,0.000000,9.980000,4.710000
1773984560.009236,-0.000000,0.000000,-0.000000,9.970000,4.710000
1773984560.012842,-0.000000,-0.000000,0.000000,9.970000,4.710000
1773984560.034057,0.000000,-0.000000,0.000000,9.970000,4.710000
1773984560.034057,-0.000000,0.000000,-0.000000,9.970000,4.710000
1773984560.049515,-0.000000,-0.000000,0.000000,9.970000,4.710000
1773984560.077494,0.000000,0.000000,-0.000000,9.970000,4.710000
1773984560.077494,0.000000,-0.000000,-0.000000,9.970000,4.710000
1773984560.089132,0.000000,-0.000000,0.000000,9.970000,4.710000
1773984560.089132,-0.000000,0.000000,0.000000,9.970000,4.710000
1773984560.101985,-0.000000,-0.000000,0.000000,9.970000,4.710000
1773984560.113888,-0.000000,0.000000,-0.000000,9.970000,4.710000
1773984560.113888,-0.000000,-0.000000,0.000000,9.970000,4.710000
1773984560.136968,0.000000,0.000000,-0.000000,9.970000,4.710000
1773984560.151190,-0.000000,-0.000000,0.000000,9.980000,4.710000
1773984560.151190,0.000000,-0.000000,0.000000,9.980000,4.710000
1773984560.162328,0.000000,0.000000,-0.000000,9.970000,4.710000
1773984560.162328,-0.000000,-0.000000,-0.000000,9.970000,4.710000
1773984560.177366,-0.000000,-0.000000,0.000000,9.970000,4.710000
1773984560.201597,0.000000,-0.000000,0.000000,9.970000,4.710000
1773984560.201597,-0.000000,-0.000000,0.000000,9.970000,4.710000
1773984560.214119,0.000000,-0.000000,-0.000000,9.970000,4.710000
1773984560.226585,-0.000000,0.000000,-0.000000,9.970000,4.710000
1773984560.226585,0.000000,-0.000000,-0.000000,9.970000,4.710000
1773984560.241914,0.000000,-0.000000,0.000000,9.970000,4.710000
1773984560.241914,0.000000,-0.000000,-0.000000,9.970000,4.710000
1773984560.253277,-0.000000,-0.000000,-0.000000,9.970000,4.710000
1773984560.263749,-0.000000,0.000000,-0.000000,9.970000,4.710000
1773984560.263749,-0.000000,0.000000,-0.000000,9.970000,4.710000
1773984560.289481,0.000000,-0.000000,0.000000,9.950000,4.710000
1773984560.306156,0.000000,-0.000000,-0.000000,9.970000,4.710000
1773984560.306156,-0.000000,-0.000000,0.000000,9.980000,4.710000
1773984560.326698,0.000000,-0.000000,0.000000,9.980000,4.710000
1773984560.326698,-0.000000,-0.000000,-0.000000,9.970000,4.710000
1773984560.329223,-0.000000,-0.000000,-0.000000,9.970000,4.710000
1773984560.353585,-0.000000,-0.000000,0.000000,9.980000,4.710000
1773984560.353585,-0.000000,-0.000000,-0.000000,9.980000,4.710000
1773984560.369874,-0.000000,0.000000,-0.000000,9.970000,4.710000
1773984560.389514,0.000000,0.000000,-0.000000,9.980000,4.710000
1773984560.389514,-0.000000,0.000000,0.000000,9.970000,4.710000
1773984560.401816,-0.000000,0.000000,-0.000000,9.970000,4.710000
1773984560.401816,-0.000000,-0.000000,-0.000000,9.980000,4.710000
1773984560.418147,-0.000000,-0.000000,0.000000,9.970000,4.710000
1773984560.433914,-0.000000,0.000000,0.000000,9.980000,4.710000
1773984560.433914,-0.000000,0.000000,0.000000,9.970000,4.710000
1773984560.458529,0.000000,-0.000000,0.000000,9.970000,4.710000
1773984560.467143,0.000000,0.000000,-0.000000,9.950000,4.710000
1773984560.467143,0.000000,-0.000000,-0.000000,9.970000,4.710000
1773984560.482232,0.000000,0.000000,-0.000000,9.970000,4.710000
1773984560.482232,0.000000,-0.000000,0.000000,9.970000,4.710000
1773984560.498448,-0.000000,-0.000000,0.000000,9.980000,4.710000
1773984560.514421,0.000000,-0.000000,0.000000,9.970000,4.710000
1773984560.514421,-0.000000,-0.000000,-0.000000,9.980000,4.710000
1773984560.530411,-0.000000,-0.000000,0.000000,9.970000,4.710000
1773984560.547876,-0.000000,-0.000000,0.000000,9.970000,4.710000
1773984560.547876,-0.000000,0.000000,-0.000000,9.970000,4.710000
1773984560.561882,-0.000000,-0.000000,0.000000,9.970000,4.710000
1773984560.561882,-0.000000,0.000000,-0.000000,9.970000,4.710000
1773984560.577581,-0.000000,0.000000,-0.000000,9.970000,4.710000
1773984560.596822,0.000000,0.000000,-0.000000,9.970000,4.710000
1773984560.596822,0.000000,-0.000000,-0.000000,9.970000,4.710000
1773984560.609782,-0.000000,0.000000,-0.000000,9.970000,4.710000
1773984560.626546,-0.000000,0.000000,-0.000000,9.970000,4.710000
1773984560.626546,-0.000000,-0.000000,0.000000,9.970000,4.710000
1773984560.640096,-0.000000,-0.000000,0.000000,9.970000,4.710000
1773984560.640096,-0.000000,-0.000000,0.000000,9.970000,4.710000
1773984560.656888,0.000000,-0.000000,-0.000000,9.970000,4.710000
1773984560.674256,-0.000000,-0.000000,0.000000,9.980000,4.710000
1773984560.674256,0.000000,0.000000,-0.000000,9.970000,4.710000
1773984560.690232,0.000000,-0.000000,0.000000,9.970000,4.710000
1773984560.707363,0.000000,-0.000000,-0.000000,9.970000,4.710000
1773984560.707363,-0.000000,0.000000,-0.000000,9.970000,4.710000
1773984560.726638,-0.000000,0.000000,-0.000000,9.970000,4.710000
1773984560.726638,-0.000000,0.000000,-0.000000,9.970000,4.710000
1773984560.738039,0.000000,0.000000,-0.000000,9.980000,4.710000
1773984560.754140,-0.000000,0.000000,-0.000000,9.970000,4.710000
1773984560.754140,-0.000000,0.000000,-0.000000,9.970000,4.710000
1773984560.765489,0.000000,-0.000000,0.000000,9.970000,4.710000
1773984560.784798,-0.000000,-0.000000,0.000000,10.000000,4.710000
1773984560.784798,-0.000000,-0.000000,0.000000,9.970000,4.710000
1773984560.802485,-0.000000,-0.000000,-0.000000,9.970000,4.710000
1773984560.802485,0.000000,-0.000000,-0.000000,9.970000,4.710000
1773984560.818313,-0.000000,0.000000,-0.000000,9.970000,4.710000
1773984560.834017,-0.000000,0.000000,-0.000000,9.970000,4.710000
1773984560.834017,0.000000,-0.000000,0.000000,9.970000,4.710000
1773984560.845388,0.000000,-0.000000,0.000000,9.980000,4.710000
1773984560.865558,-0.000000,-0.000000,0.000000,9.970000,4.710000
1773984560.865558,-0.000000,-0.000000,-0.000000,9.970000,4.710000
1773984560.891835,-0.000000,-0.000000,0.000000,9.950000,4.710000
1773984560.891835,0.000000,0.000000,-0.000000,9.970000,4.710000
1773984560.909669,-0.000000,-0.000000,0.000000,9.980000,4.710000
1773984560.920391,-0.000000,-0.000000,0.000000,9.970000,4.710000
1773984560.920391,-0.000000,0.000000,0.000000,9.970000,4.710000
1773984560.929582,-0.010000,0.000000,0.000000,9.970000,4.710000
1773984560.954695,0.010000,-0.020000,0.010000,9.970000,4.710000
1773984560.954695,-0.020000,0.020000,0.000000,9.970000,4.710000
1773984560.961483,0.010000,0.020000,-0.030000,9.980000,4.710000
1773984560.961483,0.020000,0.010000,-0.030000,9.970000,4.710000
1773984560.972399,0.030000,-0.010000,-0.030000,9.980000,4.710000
1773984560.994333,0.030000,-0.030000,0.000000,9.970000,4.710000
1773984560.994333,-0.010000,-0.030000,0.030000,10.000000,4.710000
1773984561.007990,-0.030000,0.010000,0.010000,9.970000,4.710000
1773984561.033177,0.010000,0.010000,-0.020000,9.970000,4.720000
1773984561.033177,0.010000,-0.020000,0.010000,9.970000,4.720000
1773984561.039124,-0.020000,0.020000,0.000000,9.970000,4.720000
1773984561.039124,0.020000,-0.010000,-0.010000,9.970000,4.720000
1773984561.057455,-0.020000,0.010000,0.010000,9.970000,4.720000
1773984561.069556,0.010000,-0.010000,-0.000000,9.970000,4.720000
1773984561.069556,-0.010000,0.010000,-0.010000,9.980000,4.720000
1773984561.081531,-0.000000,-0.010000,0.010000,9.950000,4.720000
1773984561.106001,0.010000,-0.010000,-0.000000,9.980000,4.720000
1773984561.106001,-0.000000,0.010000,-0.010000,9.970000,4.720000
1773984561.121841,-0.010000,0.000000,0.000000,9.970000,4.720000
1773984561.121841,-0.000000,-0.000000,0.000000,9.980000,4.720000
1773984561.143801,0.000000,-0.000000,0.000000,9.970000,4.720000
1773984561.159525,0.000000,-0.000000,0.000000,9.970000,4.720000
1773984561.159525,0.000000,-0.000000,-0.000000,9.970000,4.720000
1773984561.165122,-0.000000,0.000000,-0.000000,9.970000,4.720000
1773984561.185945,-0.000000,0.000000,0.000000,9.970000,4.720000
1773984561.185945,0.000000,-0.000000,0.000000,9.970000,4.720000
1773984561.213648,0.000000,-0.000000,0.000000,9.970000,4.720000
1773984561.213648,-0.000000,0.000000,-0.000000,9.970000,4.720000
1773984561.222839,0.000000,0.000000,-0.000000,9.970000,4.720000
1773984561.227563,-0.000000,0.000000,-0.000000,9.970000,4.720000
1773984561.227563,0.000000,-0.000000,0.000000,9.970000,4.720000
1773984561.250278,0.000000,-0.000000,0.000000,9.980000,4.720000
1773984561.270416,-0.000000,0.000000,-0.000000,9.970000,4.720000
1773984561.270416,0.000000,-0.000000,-0.000000,9.970000,4.720000
1773984561.286659,-0.000000,-0.000000,0.000000,9.980000,4.720000
1773984561.286659,-0.000000,-0.000000,0.000000,9.970000,4.720000
1773984561.297957,-0.000000,-0.000000,0.000000,9.970000,4.720000
1773984561.313673,-0.000000,-0.000000,0.000000,9.970000,4.720000
1773984561.313673,-0.000000,-0.000000,-0.000000,9.970000,4.720000
1773984561.332598,-0.000000,0.000000,-0.000000,9.970000,4.720000
1773984561.348687,-0.000000,0.000000,-0.000000,9.970000,4.720000
1773984561.348687,-0.000000,0.000000,-0.000000,9.970000,4.720000
1773984561.361597,0.000000,-0.000000,0.000000,9.970000,4.720000
1773984561.361597,0.000000,-0.000000,0.000000,9.970000,4.720000
1773984561.377548,-0.000000,0.000000,-0.000000,9.970000,4.720000
1773984561.395380,-0.000000,-0.000000,0.000000,9.970000,4.720000
1773984561.395380,0.000000,-0.000000,-0.000000,9.970000,4.720000
1773984561.400502,-0.000000,0.000000,-0.000000,9.970000,4.720000
1773984561.425984,0.000000,-0.000000,0.000000,9.970000,4.720000
1773984561.425984,0.000000,-0.000000,0.000000,9.970000,4.720000
1773984561.441974,-0.000000,0.000000,-0.000000,9.970000,4.720000
1773984561.441974,-0.000000,-0.000000,0.000000,9.970000,4.720000
1773984561.459129,0.000000,-0.000000,0.000000,9.970000,4.720000
1773984561.474082,-0.000000,0.000000,-0.000000,9.970000,4.720000
1773984561.474082,0.000000,-0.000000,0.000000,9.970000,4.720000
1773984561.490118,0.000000,0.000000,-0.000000,9.970000,4.720000
1773984561.516412,-0.000000,-0.000000,0.000000,9.980000,4.720000
1773984561.516412,0.000000,-0.000000,0.000000,9.970000,4.720000
1773984561.523020,-0.000000,0.000000,-0.000000,9.970000,4.720000
1773984561.523020,-0.000000,-0.000000,-0.000000,9.970000,4.720000
1773984561.537771,0.000000,-0.000000,0.000000,9.970000,4.720000
1773984561.554005,-0.000000,0.000000,-0.000000,9.950000,4.720000
1773984561.554005,-0.000000,0.000000,-0.000000,9.950000,4.720000
1773984561.569633,-0.000000,0.000000,0.000000,9.970000,4.720000
1773984561.585644,0.000000,0.000000,-0.000000,9.980000,4.720000
1773984561.585644,0.000000,-0.000000,-0.000000,9.980000,4.720000
1773984561.601678,-0.000000,0.000000,0.000000,9.970000,4.720000
1773984561.601678,-0.000000,-0.000000,-0.000000,9.970000,4.720000
1773984561.617878,0.000000,-0.000000,0.000000,9.970000,4.720000
1773984561.634134,-0.000000,-0.000000,0.000000,9.970000,4.720000
1773984561.634134,-0.000000,0.000000,-0.000000,9.950000,4.720000
1773984561.648986,0.000000,-0.000000,-0.000000,9.970000,4.720000
1773984561.665001,-0.000000,0.000000,0.000000,9.970000,4.720000
1773984561.665001,-0.000000,-0.000000,0.000000,9.970000,4.720000
1773984561.682271,0.000000,-0.000000,0.000000,9.970000,4.720000
1773984561.682271,0.000000,-0.000000,0.000000,9.970000,4.720000
1773984561.698019,0.000000,-0.000000,-0.000000,9.950000,4.720000
1773984561.712986,0.000000,-0.000000,-0.000000,9.970000,4.720000
1773984561.712986,-0.000000,0.000000,-0.000000,9.950000,4.720000
1773984561.730310,0.000000,-0.000000,-0.000000,9.980000,4.720000
1773984561.746094,0.010000,-0.000000,-0.010000,9.950000,4.720000
1773984561.746094,-0.010000,0.010000,-0.000000,9.970000,4.720000
1773984561.760837,0.010000,-0.020000,0.010000,9.970000,4.720000
1773984561.760837,-0.020000,0.020000,0.010000,9.970000,4.720000
1773984561.781003,0.010000,0.020000,-0.030000,9.970000,4.720000
1773984561.791767,0.030000,0.010000,-0.030000,9.950000,4.720000
1773984561.791767,0.020000,0.010000,-0.040000,9.980000,4.720000
1773984561.809720,0.010000,0.020000,-0.030000,9.970000,4.720000
1773984561.824721,-0.000000,0.030000,-0.020000,9.970000,4.720000
1773984561.824721,0.000000,0.020000,-0.020000,9.970000,4.720000
1773984561.839593,0.020000,0.010000,-0.030000,9.970000,4.720000
1773984561.839593,0.030000,-0.010000,-0.020000,9.980000,4.720000
1773984561.858207,0.020000,-0.030000,0.010000,9.970000,4.720000
1773984561.874336,-0.020000,-0.010000,0.030000,9.970000,4.720000
1773984561.874336,-0.020000,0.020000,-0.010000,9.970000,4.720000
1773984561.889928,0.020000,-0.010000,-0.010000,9.970000,4.720000
1773984561.908183,-0.010000,-0.010000,0.020000,9.970000,4.720000
1773984561.908183,0.010000,0.010000,-0.020000,9.970000,4.720000
1773984561.920577,-0.000000,-0.010000,0.020000,9.980000,4.720000
1773984561.920577,0.010000,0.010000,-0.020000,9.970000,4.720000
1773984561.938101,-0.010000,-0.000000,0.010000,9.980000,4.720000
1773984561.965557,0.010000,-0.010000,-0.010000,9.970000,4.720000
1773984561.965557,-0.010000,0.010000,-0.010000,9.980000,4.720000
1773984561.970880,-0.010000,0.000000,0.010000,9.970000,4.720000
1773984561.983469,0.000000,-0.010000,0.000000,9.980000,4.720000
1773984561.983469,0.010000,-0.000000,-0.000000,9.970000,4.720000
1773984562.001676,0.000000,0.000000,-0.000000,9.970000,4.720000
1773984562.001676,-0.000000,0.000000,-0.000000,9.970000,4.720000
1773984562.018568,-0.000000,0.000000,-0.000000,9.970000,4.720000
1773984562.034203,-0.000000,0.000000,0.000000,9.980000,4.720000
1773984562.034203,0.000000,-0.000000,0.000000,9.980000,4.720000
1773984562.047883,0.000000,-0.000000,0.000000,9.970000,4.720000
1773984562.066607,-0.000000,0.000000,-0.000000,9.970000,4.720000
1773984562.066607,-0.000000,0.000000,-0.000000,9.970000,4.730000
1773984562.090761,0.000000,-0.000000,-0.000000,9.970000,4.730000
1773984562.090761,0.000000,-0.000000,-0.000000,9.970000,4.730000
1773984562.101208,-0.000000,0.000000,-0.000000,9.950000,4.730000
1773984562.109753,0.000000,0.000000,-0.000000,9.980000,4.730000
1773984562.109753,-0.000000,0.000000,-0.000000,9.970000,4.730000
1773984562.130531,0.000000,0.000000,-0.000000,9.970000,4.730000
1773984562.153076,-0.000000,-0.000000,-0.000000,9.970000,4.730000
1773984562.153076,0.000000,0.000000,-0.000000,9.970000,4.730000
1773984562.167607,-0.000000,-0.000000,0.000000,9.980000,4.730000
1773984562.167607,-0.000000,-0.000000,0.000000,9.970000,4.730000
1773984562.177680,0.000000,-0.000000,-0.000000,9.970000,4.730000
1773984562.193895,-0.000000,0.000000,-0.000000,9.970000,4.730000
1773984562.193895,0.000000,0.000000,-0.000000,9.970000,4.730000
1773984562.221212,-0.000000,-0.000000,0.000000,9.970000,4.730000
1773984562.231336,-0.000000,0.000000,-0.000000,9.970000,4.730000
1773984562.231336,0.000000,-0.000000,-0.000000,9.980000,4.730000
1773984562.238336,-0.000000,-0.000000,0.000000,9.970000,4.730000
1773984562.238336,0.000000,-0.000000,0.000000,9.970000,4.730000
1773984562.258017,0.000000,-0.000000,-0.000000,9.970000,4.730000
1773984562.278284,-0.000000,-0.000000,0.000000,9.980000,4.730000
1773984562.278284,0.000000,-0.000000,0.000000,9.970000,4.730000
1773984562.294343,0.000000,-0.000000,0.000000,9.970000,4.730000
1773984562.305723,0.000000,0.000000,-0.000000,9.950000,4.730000
1773984562.305723,0.000000,-0.000000,0.000000,9.970000,4.730000
1773984562.321546,-0.000000,-0.000000,0.000000,9.970000,4.730000
1773984562.321546,0.000000,0.000000,-0.000000,9.970000,4.730000
1773984562.348980,-0.000000,0.000000,-0.000000,9.970000,4.730000
1773984562.358077,-0.000000,-0.000000,0.000000,9.970000,4.730000
1773984562.358077,0.000000,-0.000000,-0.000000,9.970000,4.730000
1773984562.370412,-0.000000,0.000000,-0.000000,9.970000,4.730000
1773984562.386396,0.000000,-0.000000,-0.000000,9.970000,4.730000
1773984562.386396,0.000000,-0.000000,-0.000000,9.970000,4.730000
1773984562.409353,0.000000,-0.000000,-0.000000,9.980000,4.730000
1773984562.409353,-0.000000,-0.000000,0.000000,9.980000,4.730000
1773984562.409353,-0.000000,-0.000000,0.000000,9.970000,4.730000
1773984562.433884,-0.000000,-0.000000,0.000000,9.970000,4.730000
1773984562.433884,-0.000000,0.000000,-0.000000,9.950000,4.730000
1773984562.450855,0.000000,0.000000,-0.000000,9.970000,4.730000
1773984562.467448,-0.000000,-0.000000,0.000000,9.970000,4.730000
1773984562.467448,0.000000,-0.000000,-0.000000,9.980000,4.730000
1773984562.481931,0.000000,-0.000000,-0.000000,9.970000,4.730000
1773984562.481931,0.000000,-0.000000,-0.000000,9.950000,4.730000
1773984562.498187,-0.000000,-0.000000,0.000000,9.970000,4.730000
1773984562.514249,0.000000,-0.000000,-0.000000,9.980000,4.730000
1773984562.514249,0.000000,-0.000000,0.000000,9.980000,4.730000
1773984562.534537,0.000000,-0.000000,0.000000,9.970000,4.730000
1773984562.550749,0.000000,-0.000000,0.000000,9.970000,4.730000
1773984562.550749,0.000000,0.000000,-0.000000,9.980000,4.730000
1773984562.562373,-0.000000,0.000000,-0.000000,9.970000,4.730000
1773984562.562373,-0.000000,0.000000,-0.000000,9.970000,4.730000
1773984562.577013,-0.000000,-0.000000,0.000000,9.970000,4.730000
1773984562.592720,0.000000,-0.000000,0.000000,9.970000,4.730000
1773984562.592720,-0.000000,0.000000,-0.000000,9.950000,4.730000
1773984562.610890,-0.000000,0.000000,-0.000000,9.970000,4.730000
1773984562.625927,0.000000,-0.000000,-0.000000,9.970000,4.730000
1773984562.625927,-0.000000,0.000000,0.000000,9.950000,4.730000
1773984562.641696,-0.000000,-0.000000,0.000000,9.970000,4.730000
1773984562.641696,-0.010000,0.000000,0.010000,9.970000,4.730000
1773984562.659765,0.020000,-0.010000,-0.020000,9.970000,4.730000
1773984562.673405,0.020000,-0.040000,0.020000,9.970000,4.730000
1773984562.673405,0.010000,-0.040000,0.030000,9.980000,4.730000
1773984562.690287,0.020000,-0.040000,0.020000,9.980000,4.730000
1773984562.705481,0.020000,-0.040000,0.020000,9.970000,4.730000
1773984562.705481,0.010000,-0.040000,0.020000,9.970000,4.730000
1773984562.717466,-0.010000,-0.020000,0.030000,9.980000,4.730000
1773984562.717466,-0.030000,0.010000,0.020000,9.980000,4.730000
1773984562.735487,-0.010000,0.030000,-0.020000,9.970000,4.730000
1773984562.753824,0.030000,-0.010000,-0.020000,9.970000,4.730000
1773984562.753824,-0.000000,-0.020000,0.020000,9.970000,4.730000
1773984562.769914,-0.010000,0.020000,-0.010000,9.980000,4.730000
1773984562.781247,0.020000,-0.020000,-0.000000,9.980000,4.730000
1773984562.781247,-0.020000,0.010000,0.010000,9.970000,4.730000
1773984562.800914,0.020000,-0.010000,-0.010000,9.970000,4.730000
1773984562.800914,-0.010000,0.010000,-0.000000,9.980000,4.730000
1773984562.817632,0.000000,-0.010000,0.010000,9.970000,4.730000
1773984562.844054,0.010000,0.000000,-0.010000,9.970000,4.730000
1773984562.844054,-0.010000,0.010000,0.000000,9.980000,4.730000
1773984562.849181,-0.000000,-0.000000,0.010000,9.970000,4.730000
1773984562.869315,0.010000,-0.010000,0.000000,9.970000,4.730000
1773984562.869315,0.000000,-0.000000,-0.000000,9.970000,4.730000
1773984562.882000,0.000000,0.000000,-0.000000,9.970000,4.730000
1773984562.882000,0.000000,0.000000,-0.000000,9.970000,4.730000
1773984562.897819,-0.000000,0.000000,-0.000000,9.970000,4.730000
1773984562.915153,-0.000000,0.000000,-0.000000,9.970000,4.730000
1773984562.915153,-0.000000,-0.000000,-0.000000,9.950000,4.730000
1773984562.927906,0.000000,-0.000000,-0.000000,9.970000,4.730000
1773984562.946360,0.000000,-0.000000,0.000000,9.970000,4.730000
1773984562.946360,-0.000000,-0.000000,0.000000,9.980000,4.730000
1773984562.970738,0.000000,-0.000000,0.000000,9.970000,4.730000
1773984562.970738,-0.000000,-0.000000,-0.000000,9.970000,4.730000
1773984562.984618,-0.000000,-0.000000,0.000000,9.980000,4.730000
1773984562.994447,0.000000,-0.000000,-0.000000,9.980000,4.730000
1773984562.994447,0.000000,-0.000000,-0.000000,9.970000,4.730000
1773984563.010358,-0.000000,-0.000000,0.000000,9.970000,4.730000
1773984563.035184,-0.000000,0.000000,-0.000000,9.970000,4.730000
1773984563.035184,-0.000000,-0.000000,0.000000,9.970000,4.730000
1773984563.038500,-0.000000,-0.000000,0.000000,9.970000,4.730000
1773984563.038500,0.000000,-0.000000,0.000000,9.970000,4.730000
1773984563.050097,-0.000000,0.000000,-0.000000,9.970000,4.730000
1773984563.074527,-0.000000,0.000000,-0.000000,9.970000,4.730000
1773984563.074527,0.000000,-0.000000,-0.000000,9.970000,4.730000
1773984563.097651,0.000000,-0.000000,-0.000000,9.950000,4.730000
1773984563.102989,0.000000,-0.000000,0.000000,9.980000,4.730000
1773984563.102989,-0.000000,-0.000000,0.000000,9.970000,4.730000
1773984563.114802,0.000000,-0.000000,0.000000,9.970000,4.740000
1773984563.114802,0.000000,-0.000000,-0.000000,9.970000,4.740000
1773984563.137654,-0.000000,0.000000,-0.000000,9.970000,4.740000
1773984563.161264,-0.000000,0.000000,-0.000000,9.970000,4.740000
1773984563.161264,-0.000000,0.000000,0.000000,9.970000,4.740000
1773984563.177084,-0.000000,-0.000000,0.000000,9.970000,4.740000
1773984563.181992,-0.000000,0.000000,-0.000000,9.950000,4.740000
1773984563.181992,-0.000000,0.000000,-0.000000,9.970000,4.740000
1773984563.202228,-0.000000,-0.000000,0.000000,9.970000,4.740000
1773984563.202228,0.000000,-0.000000,0.000000,9.970000,4.740000
1773984563.229256,-0.000000,-0.000000,-0.000000,9.980000,4.740000
1773984563.240384,-0.000000,-0.000000,0.000000,9.970000,4.740000
1773984563.240384,0.000000,0.000000,-0.000000,9.950000,4.740000
1773984563.243726,0.000000,0.000000,-0.000000,9.970000,4.740000
1773984563.266384,0.000000,-0.000000,0.000000,9.980000,4.740000
1773984563.266384,-0.000000,0.000000,-0.000000,9.970000,4.740000
1773984563.303837,0.000000,0.000000,-0.000000,9.970000,4.740000
1773984563.303837,0.000000,0.000000,-0.000000,9.970000,4.740000
1773984563.303837,0.000000,-0.000000,0.000000,9.970000,4.740000
1773984563.306761,0.000000,-0.000000,-0.000000,9.970000,4.740000
1773984563.306761,-0.000000,0.000000,0.000000,9.970000,4.740000
1773984563.330050,0.000000,0.000000,-0.000000,9.970000,4.740000
1773984563.350194,-0.000000,0.000000,-0.000000,9.980000,4.740000
1773984563.350194,-0.000000,-0.000000,0.000000,9.970000,4.740000
1773984563.356520,-0.000000,-0.000000,-0.000000,9.970000,4.740000
1773984563.356520,0.000000,-0.000000,0.000000,9.970000,4.740000
1773984563.378205,-0.000000,0.000000,-0.000000,9.970000,4.740000
1773984563.393892,-0.000000,-0.000000,0.000000,9.970000,4.740000
1773984563.393892,0.000000,-0.000000,-0.000000,9.970000,4.740000
1773984563.412934,0.000000,0.000000,-0.000000,9.950000,4.740000
1773984563.429498,-0.000000,0.000000,-0.000000,9.970000,4.740000
1773984563.429498,-0.000000,0.000000,-0.000000,9.970000,4.740000
1773984563.442001,0.000000,0.000000,-0.000000,9.970000,4.740000
1773984563.442001,0.000000,0.000000,-0.000000,9.970000,4.740000
1773984563.460477,0.000000,0.000000,-0.000000,9.950000,4.740000
1773984563.476248,-0.000000,-0.000000,-0.000000,9.970000,4.740000
1773984563.476248,0.000000,-0.000000,-0.000000,9.970000,4.740000
1773984563.496166,0.000000,-0.000000,0.000000,9.980000,4.740000
1773984563.506524,-0.000000,-0.000000,-0.000000,9.980000,4.740000
1773984563.506524,-0.000000,-0.000000,0.000000,9.970000,4.740000
1773984563.522198,-0.000000,-0.000000,-0.000000,9.950000,4.740000
1773984563.522198,-0.000000,-0.000000,-0.000000,9.980000,4.740000
1773984563.545183,0.000000,-0.000000,0.000000,9.970000,4.740000
1773984563.555042,-0.000000,-0.000000,-0.000000,9.970000,4.740000
1773984563.555042,-0.000000,0.000000,0.000000,9.970000,4.740000
1773984563.569908,0.000000,-0.000000,-0.000000,9.970000,4.740000
1773984563.586118,0.000000,-0.000000,0.000000,9.980000,4.740000
1773984563.586118,0.000000,-0.000000,-0.000000,9.970000,4.740000
1773984563.602113,-0.000000,-0.000000,-0.000000,9.980000,4.740000
1773984563.602113,-0.000000,0.000000,-0.000000,9.970000,4.740000
1773984563.617979,-0.000000,-0.000000,0.000000,9.970000,4.740000
1773984563.633845,0.000000,-0.000000,0.000000,9.970000,4.740000
1773984563.633845,-0.000000,-0.000000,0.000000,9.980000,4.740000
1773984563.649774,-0.000000,-0.000000,0.000000,9.980000,4.740000
1773984563.665673,-0.000000,0.000000,-0.000000,9.970000,4.740000
1773984563.665673,-0.000000,-0.000000,-0.000000,9.970000,4.740000
1773984563.681477,0.000000,-0.000000,0.000000,9.970000,4.740000
1773984563.681477,-0.000000,-0.000000,-0.000000,9.950000,4.740000
1773984563.698649,0.000000,-0.000000,0.000000,9.980000,4.740000
1773984563.713820,-0.000000,-0.000000,0.000000,9.970000,4.740000
1773984563.713820,-0.000000,0.000000,-0.000000,9.970000,4.740000
1773984563.727861,0.000000,-0.000000,-0.000000,9.970000,4.740000
1773984563.751569,-0.000000,0.000000,0.000000,9.970000,4.740000
1773984563.751569,0.000000,-0.000000,0.000000,9.970000,4.740000
1773984563.762096,0.000000,-0.000000,0.000000,9.980000,4.740000
1773984563.762096,0.000000,-0.000000,0.000000,9.970000,4.740000
1773984563.776562,0.000000,0.000000,-0.000000,9.970000,4.740000
1773984563.791184,-0.000000,0.000000,-0.000000,9.970000,4.740000
1773984563.791184,-0.000000,-0.000000,0.000000,9.970000,4.740000
1773984563.809939,-0.000000,-0.000000,0.000000,9.970000,4.740000
1773984563.826414,0.000000,0.000000,-0.000000,9.980000,4.740000
1773984563.826414,-0.000000,-0.000000,0.000000,9.970000,4.740000
1773984563.841862,0.000000,-0.000000,-0.000000,9.980000,4.740000
1773984563.841862,-0.000000,-0.000000,0.000000,9.970000,4.740000
1773984563.855006,0.000000,-0.000000,0.000000,9.970000,4.740000
1773984563.876394,-0.000000,-0.000000,-0.000000,9.970000,4.740000
1773984563.876394,0.000000,-0.000000,-0.000000,9.980000,4.740000
1773984563.890284,-0.000000,0.000000,-0.000000,9.970000,4.740000
1773984563.906391,-0.000000,0.000000,-0.000000,9.970000,4.740000
1773984563.906391,-0.000000,0.000000,-0.000000,9.970000,4.740000
1773984563.921920,-0.000000,0.000000,-0.000000,9.970000,4.740000
1773984563.921920,0.000000,-0.000000,0.000000,9.980000,4.740000
1773984563.937709,-0.000000,-0.000000,-0.000000,9.950000,4.740000
1773984563.954297,-0.000000,0.000000,0.000000,9.980000,4.740000
1773984563.954297,-0.000000,-0.000000,-0.000000,9.970000,4.740000
1773984563.980612,0.000000,-0.000000,0.000000,9.970000,4.740000
1773984563.986025,-0.000000,-0.000000,0.000000,9.970000,4.740000
1773984563.986025,0.000000,-0.000000,-0.000000,9.970000,4.740000
1773984564.002027,-0.000000,-0.000000,-0.000000,9.950000,4.740000
1773984564.002027,0.000000,0.000000,-0.000000,9.970000,4.740000
1773984564.018092,-0.000000,-0.000000,0.000000,9.970000,4.740000
1773984564.046833,0.000000,-0.000000,0.000000,9.970000,4.740000
1773984564.046833,0.000000,-0.000000,-0.000000,9.970000,4.740000
1773984564.049022,-0.000000,0.000000,-0.000000,9.970000,4.740000
1773984564.070298,0.000000,-0.000000,0.000000,9.980000,4.740000
1773984564.070298,-0.000000,-0.000000,0.000000,9.970000,4.740000
1773984564.081738,0.000000,-0.000000,0.000000,9.980000,4.740000
1773984564.081738,-0.000000,0.000000,-0.000000,9.980000,4.740000
1773984564.106926,0.000000,-0.000000,-0.000000,9.970000,4.740000
1773984564.124559,0.000000,-0.000000,0.000000,9.970000,4.740000
1773984564.124559,0.000000,-0.000000,-0.000000,9.970000,4.740000
1773984564.133488,0.000000,-0.000000,0.000000,9.970000,4.740000
1773984564.146433,0.000000,-0.000000,0.000000,9.980000,4.740000
1773984564.146433,-0.000000,-0.000000,-0.000000,9.980000,4.740000
1773984564.170056,-0.000000,0.000000,-0.000000,9.970000,4.740000
1773984564.170056,-0.000000,0.000000,-0.000000,9.970000,4.750000
1773984564.174203,-0.000000,-0.000000,-0.000000,9.980000,4.750000
1773984564.194235,0.000000,0.000000,-0.000000,9.970000,4.750000
1773984564.194235,-0.000000,-0.000000,0.000000,9.980000,4.750000
1773984564.210214,0.000000,-0.000000,0.000000,9.970000,4.750000
1773984564.232857,-0.000000,-0.000000,0.000000,9.970000,4.750000
1773984564.232857,0.000000,-0.000000,0.000000,9.970000,4.750000
1773984564.252529,-0.000000,-0.000000,-0.000000,9.970000,4.750000
1773984564.252529,-0.000000,0.000000,-0.000000,9.970000,4.750000
1773984564.254809,-0.000000,-0.000000,0.000000,9.980000,4.750000
1773984564.274474,0.000000,0.000000,-0.000000,9.980000,4.750000
1773984564.274474,0.000000,-0.000000,-0.000000,9.970000,4.750000
1773984564.299505,-0.000000,-0.000000,0.000000,9.980000,4.750000
1773984564.300606,-0.000000,0.000000,-0.000000,9.970000,4.750000
1773984564.300606,0.000000,-0.000000,0.000000,9.970000,4.750000
1773984564.321983,0.000000,-0.000000,-0.000000,9.970000,4.750000
1773984564.321983,-0.000000,0.000000,-0.000000,9.950000,4.750000
1773984564.338151,-0.000000,0.000000,-0.000000,9.970000,4.750000
1773984564.359046,0.000000,-0.000000,-0.000000,9.980000,4.750000
1773984564.359046,-0.000000,-0.000000,-0.000000,9.970000,4.750000
1773984564.374970,0.000000,0.000000,-0.000000,9.950000,4.750000
1773984564.386523,-0.000000,-0.000000,0.000000,9.980000,4.750000
1773984564.386523,0.000000,-0.000000,0.000000,9.970000,4.750000
1773984564.402236,0.000000,-0.000000,0.000000,9.980000,4.750000
1773984564.402236,-0.000000,-0.000000,0.000000,9.980000,4.750000
1773984564.422027,-0.000000,0.000000,0.000000,9.970000,4.750000
1773984564.438134,-0.000000,-0.000000,0.000000,9.970000,4.750000
1773984564.438134,0.000000,-0.000000,-0.000000,9.980000,4.750000
1773984564.454027,0.000000,0.000000,-0.000000,9.970000,4.750000
1773984564.466729,0.000000,-0.000000,0.000000,9.980000,4.750000
1773984564.466729,-0.000000,-0.000000,0.000000,9.980000,4.750000
1773984564.485992,-0.000000,0.000000,-0.000000,9.970000,4.750000
1773984564.485992,-0.000000,-0.000000,-0.000000,9.970000,4.750000
1773984564.501771,-0.000000,0.000000,-0.000000,9.970000,4.750000
1773984564.513766,0.000000,0.000000,-0.000000,9.950000,4.750000
1773984564.513766,-0.000000,-0.000000,-0.000000,9.970000,4.750000
1773984564.528706,-0.000000,-0.000000,0.000000,9.970000,4.750000
1773984564.536359,0.000000,0.000000,-0.000000,9.970000,4.750000
1773984564.536359,-0.000000,-0.000000,-0.000000,9.980000,4.750000
1773984564.563578,0.000000,-0.000000,0.000000,9.970000,4.750000
1773984564.563578,-0.000000,-0.000000,0.000000,9.970000,4.750000
1773984564.577889,-0.000000,0.000000,-0.000000,9.970000,4.750000
1773984564.609284,0.000000,-0.000000,0.000000,9.970000,4.750000
1773984564.609284,0.000000,-0.000000,-0.000000,9.970000,4.750000
1773984564.610416,0.000000,-0.000000,-0.000000,9.970000,4.750000
1773984564.628638,-0.000000,-0.000000,0.000000,9.970000,4.750000
1773984564.628638,-0.000000,0.000000,-0.000000,9.970000,4.750000
1773984564.641759,0.000000,-0.000000,-0.000000,9.970000,4.750000
1773984564.641759,-0.000000,0.000000,-0.000000,9.970000,4.750000
1773984564.669703,0.000000,-0.000000,-0.000000,9.980000,4.750000
1773984564.673717,0.000000,-0.000000,-0.000000,9.980000,4.750000
1773984564.673717,0.000000,-0.000000,0.000000,9.980000,4.750000
1773984564.689783,-0.000000,-0.000000,-0.000000,9.970000,4.750000
1773984564.706149,-0.000000,0.000000,-0.000000,9.970000,4.750000
1773984564.706149,0.000000,0.000000,-0.000000,9.980000,4.750000
1773984564.728644,0.000000,-0.000000,-0.000000,9.980000,4.750000
1773984564.728644,-0.000000,-0.000000,0.000000,9.970000,4.750000
1773984564.749758,-0.000000,0.000000,0.000000,9.980000,4.750000
1773984564.752195,-0.000000,-0.000000,-0.000000,9.970000,4.750000
1773984564.752195,-0.000000,0.000000,-0.000000,9.970000,4.750000
1773984564.770579,-0.000000,-0.000000,-0.000000,9.980000,4.750000
1773984564.797478,0.000000,-0.000000,0.000000,9.970000,4.750000
1773984564.797478,0.000000,-0.000000,0.000000,9.970000,4.750000
1773984564.799762,-0.000000,-0.000000,0.000000,9.970000,4.750000
1773984564.799762,0.000000,-0.000000,0.000000,9.980000,4.750000
1773984564.814699,-0.000000,0.000000,-0.000000,9.970000,4.750000
1773984564.834802,-0.000000,-0.000000,0.000000,9.970000,4.750000
1773984564.834802,-0.000000,-0.000000,0.000000,9.970000,4.750000
1773984564.847003,-0.000000,0.000000,-0.000000,9.950000,4.750000
1773984564.861828,-0.000000,0.000000,-0.000000,9.970000,4.750000
1773984564.861828,-0.000000,-0.000000,-0.000000,9.980000,4.750000
1773984564.882171,-0.000000,-0.000000,-0.000000,9.980000,4.750000
1773984564.882171,0.000000,0.000000,-0.000000,9.970000,4.750000
1773984564.898579,0.000000,-0.000000,0.000000,9.980000,4.750000
1773984564.913837,-0.000000,0.000000,-0.000000,9.970000,4.750000
1773984564.913837,-0.000000,0.000000,-0.000000,9.970000,4.750000
1773984564.932745,0.000000,-0.000000,-0.000000,9.980000,4.750000
1773984564.948072,0.000000,-0.000000,0.000000,9.970000,4.750000
1773984564.948072,0.000000,-0.000000,0.000000,9.970000,4.750000
1773984564.962625,-0.000000,0.000000,-0.000000,9.980000,4.750000
1773984564.962625,-0.000000,0.000000,0.000000,9.970000,4.750000
1773984564.981848,-0.000000,-0.000000,0.000000,9.970000,4.750000
1773984564.995726,-0.000000,0.000000,0.000000,9.970000,4.750000
1773984564.995726,-0.000000,0.000000,-0.000000,9.970000,4.750000
1773984565.010794,-0.000000,0.000000,0.000000,9.970000,4.750000
1773984565.026215,-0.000000,0.000000,-0.000000,9.970000,4.750000
1773984565.026215,0.000000,-0.000000,0.000000,9.950000,4.750000
1773984565.050325,-0.000000,0.000000,-0.000000,9.970000,4.750000
1773984565.050325,-0.000000,-0.000000,0.000000,9.970000,4.750000
1773984565.066218,-0.000000,0.000000,-0.000000,9.970000,4.750000
1773984565.080934,-0.000000,0.000000,-0.000000,9.970000,4.750000
1773984565.080934,0.000000,0.000000,-0.000000,9.980000,4.750000
1773984565.090558,-0.000000,0.000000,-0.000000,9.970000,4.750000
1773984565.114082,-0.000000,0.000000,-0.000000,9.970000,4.750000
1773984565.114082,-0.000000,-0.000000,-0.000000,9.970000,4.750000
1773984565.132781,0.000000,-0.000000,0.000000,9.970000,4.750000
1773984565.132781,0.000000,-0.000000,-0.000000,9.970000,4.750000
1773984565.141452,-0.000000,-0.000000,0.000000,9.970000,4.750000
1773984565.154311,-0.000000,0.000000,-0.000000,9.970000,4.750000
1773984565.154311,0.000000,-0.000000,0.000000,9.970000,4.750000
1773984565.176960,-0.000000,-0.000000,0.000000,9.970000,4.750000
1773984565.195243,0.000000,-0.000000,0.000000,9.970000,4.750000
1773984565.195243,0.000000,-0.000000,0.000000,9.980000,4.750000
1773984565.196845,-0.000000,-0.000000,0.000000,9.980000,4.750000
1773984565.196845,-0.000000,-0.000000,-0.000000,9.970000,4.750000
